Name of the Software|Last Release|code type_not_definitive|Keywords [Max 3]|Field [Photon,Proton, Brachy, Multi]|License|Programming Language|Institution(s)|Website|related publication|GitHub/GitLab/other|Contacts|Comments|DOI of the Software|Software Logo (yes/no)
FRoG|2025 (latest release)|Application|Treatment Planning and dosimetry|Protons/Ions|Not explicitly stated|C++ (primary), Python (for some functionalities)|Heidelberg Ion-Beam Therapy Center (HIT), Centro Nazionale di Adroterapia Oncologica (CNAO), Danish Centre for Particle Therapy (DCPT), German Cancer Research Center (DKFZ)|Not explicitly stated, but implies project website or related academic pages.|KyungDon Choi et al. "FRoG-A New Calculation Engine for Clinical Investigations with Proton and Carbon Ion Beams at CNAO" (2018)|Not explicitly stated|FRoG.HIT@med.uni-heidelberg.de|Independent dose and LETd prediction tool for proton therapy, GPU-accelerated, sandbox environment, supports variable RBE models. Not for clinical use.|Not explicitly stated for the software itself|No
MonteRay|Not explicitly stated|Application|Treatment Planning and dosimetry|Protons/Ions|Not explicitly stated|C++ (primary)|Not explicitly stated, but developed in-house (implied academic/research institution). Related to German Cancer Research Center (DKFZ) projects.|Not explicitly stated, but related to research group websites.|https://doi.org/10.3389/fphy.2021.741453|Not explicitly stated|Not explicitly stated, but contacts for related medical physics programs are available.|CPU MC dose calculation engine, capable of simulating therapeutic proton, helium, and carbon ion beams. Uses pre-computed nuclear event database. Aims for GPU acceleration in future.|Not explicitly stated for the software itself, but publication DOI is https://doi.org/10.3389/fphy.2021.741453.|No
FRED|2025|Application|Treatment Planning and dosimetry|Protons/Ions|https://www.fred-mc.org/Manual_3.76/Download/Licences.html|Python (uses CuPy for GPU acceleration)|University of Rome 'La Sapienza'|https://www.fred-mc.org/Manual_3.76/index.html|"GPU-accelerated FREDopt package for simultaneous dose and LETd proton radiotherapy plan optimization via superiorization methods" (2025).|Not explicitly stated|angelo.schiavi@uniroma1.it, jan.gajewski@ifj.edu.pl, ilaria.rinaldi@maastro.nl|Optimizes proton dose and dose-averaged LET (LETd) simultaneously. Incorporates superiorization of feasibility-seeking algorithms. Satisfactory execution times (14-50 min). Well-tested and documented.|10.1088/1361-6560/ade841 (for the publication)|Yes
JulianA|2024|Library/Toolkit|Treatment Planning and dosimetry|Protons/Ions| BSD-3-Clause license|Julia (primary), can interface with Python and C code|Paul Scherrer Institut, ETH Zürich, University Hospital of Zurich (USZ), University Hospital of Bern (Inselspital), Université Laval|Not explicitly stated for a dedicated website, but code available on Zenodo.|Autoplanning algorithm published in previous work (not specified), validation study under peer-review, H&N planning study in progress.|GitHub: renatobellotti/Juliana.jl (mirror of Zenodo repo), artecs-group/Juliana.jl (GPU code translation), JuliaAI/MLJ.jl (ML framework).|jan.hrbacek@psi.ch|Accelerates proton radiotherapy research. Flexible, modular toolkit. Automatic spot weight optimization. Scripting-first approach (no GUI). DICOM support. GPU programming facilitated.|10.5281/zenodo.10377184 (for the Zenodo mirror). Other Zenodo records for related Julia projects exist, e.g., 10.5281/zenodo.16040749.|Yes
PRIMO|Not explicitly stated|Application|Treatment Planning and dosimetry|Photons|Free software (not open source)|Not explicitly stated (uses PENELOPE and DPM, which are Fortran/C++ based)|Medizinische Fakultät of the Universität Duisburg-Essen, Hospital Paitilla, Universitat Politècnica de Catalunya.|www.primoproject.net|Multiple publications listed on its website including "PRIMO: A graphical environment for the Monte Carlo simulation of Varian and Elekta linacs" (2013).|Not explicitly stated (not open source)|Contact info in "about the authors" section (not provided in snippet). Specific emails: lorenzo.brualla@uni-duisburg-essen.de, milrocas@gmail.com, josep.sempau@upc.es. For PRIMO P&A Project Optimizer: primo@netl.doe.gov.|Simulates clinical linear accelerators and estimates absorbed dose distributions. Combines GUI with PENELOPE and DPM Monte Carlo codes. Not open source.|Not explicitly stated for the software itself. Publication DOIs are provided. Zenodo records for other PRIMO projects exist, e.g., 10.5281/zenodo.4447293.|Yes
i-cycle|2025 (latest publication)|Script/Plugin|Treatment Planning and dosimetry|Photons|Not explicitly stated (implied proprietary in clinical use, but research context)|Not explicitly stated (implied C++ or similar for performance, but not confirmed)|Department of Radiation Oncology, Erasmus MC Rotterdam, Groene Hilledijk 301, 3075 EA Rotterdam, The Netherlands. s.breedveld@erasmusmc.nl|Not explicitly stated|"iCycle: Integrated, multicriterial beam angle, and profile optimization for generation of coplanar and noncoplanar IMRT plans" (2012).|None provided|Not explicitly stated|Novel algorithm for integrated, multicriterial optimization of beam angles and IMRT profiles. Generates coplanar and noncoplanar plans. Fully automated. Clinical application commenced.|Not explicitly stated|No
pyOrthanc|2025 (publication date)|Library/Toolkit|Software Engeneering and Data Infrastructure|Multiple purpose|CC BY 4.0|Python (primary), uses httpx library|Centre de recherche de l'Institut universitaire de cardiologie et de pneumologie de Québec-Université Laval, Département de physique, de génie physique et d'optique, Université Laval|https://github.com/gacou54/pyorthanc|"PyOrthanc: A Python Interface for Orthanc DICOM Servers" (2025).|https://github.com/gacou54/pyorthanc|Provides a comprehensive Python interface for interacting with Orthanc DICOM servers. Simplifies complex REST API interactions. Supports querying, anonymization, and DICOM services. Designed for efficient handling of large-scale DICOM operations.|10.21105/joss.07562|No|No
Orthanc|Not explicitly stated|Application|Software Engeneering and Data Infrastructure|Multiple purpose|GPLv3|C++, HTML, JavaScript|CHU de Liège, Osimis company, Université Catholique de Louvain|www.orthanc-server.com|"Orthanc: A Lightweight, RESTful DICOM Server for Healthcare and Medical Research" (2016) and "Rendering Medical Images using WebAssembly" (2022).|hg.orthanc-server.com/orthanc/ (repository)|Not explicitly stated (community support via forums/issues implied)|Standalone DICOM server, abstracts DICOM complexity, RESTful API, supports plugins, available as Docker images. Recognized as a digital public good.|Not explicitly stated for the software itself, but publication DOIs are provided.|Yes
Conquest DICOM|2020 (open source release on GitHub for v1.5.0)|Application|Software Engeneering and Data Infrastructure|Multiple purpose|GNU General Public License version 2.0 (GPLv2). Source code released under an unspecified open source license on GitHub.|C (70.4%), C++ (15.0%), Pascal (5.2%), Lua (4.9%), Rich Text Format (2.2%), Shell (0.8%), Other (1.5%)|University of Manchester|https://www.natura-ingenium.nl/dicom.html|https://github.com/marcelvanherk/Conquest-DICOM-Server|Not explicitly stated|Marcel van Herk University of Manchester|Not explicitly stated for the software itself.|No|No
ClearCanvas|2015 (latest release)|Application|Software Engeneering and Data Infrastructure|Multiple purpose|GPL-3.0|C# (86.3%), C (7.4%), Classic ASP (2.2%), JavaScript (1.8%), HTML (1.3%), C++ (0.7%)|Synaptive Medical (acquired IP and products in 2015). Originally developed for The Joint Department of Medical Imaging (JDMI), University Health Network, Mount Sinai Hospital, Women's College Hospital.|clearcanvas.github.io|"Commercial Open Source RIS/PACS: The ClearCanvas Experience" (2009). "Development and Reliability of a User-friendly Multicenter Phenotyping Application for Hemorrhagic and Ischemic Stroke" (2017).|https://github.com/ClearCanvas/ClearCanvas|No specific contact email provided, but suggests checking documentation or issues tracker. Contact form on clearcanvasevents.com.|Provides an extensible and robust platform for medical imaging. Software derived from the project is not intended nor licensed for clinical use. No longer actively supported, latest release April 24, 2015.|Not explicitly stated for the software itself. Publications mention its use but not a software DOI.|No
Plastimatch|2025 (last commit)|Application|Imaging and Image Processing|Multiple purpose|BSD-style|C++ (primary, inferred from "C++ toolkit" and source analysis), Python (for wrapper, PyPlastimatch)|Not explicitly mentioned, but acknowledgements include NIH/NCI, MGH, MIT, Politecnico di Milano, NSF.|https://plastimatch.gitlab.io/plastimatch. Also plastimatch.org.|"Plastimatch: An open source software suite for radiotherapy image processing" (2010). "plastimatch mabs, an open source software that can be used with any image modality for automatic segmentation".|https://gitlab.com/plastimatch/plastimatch|Google Groups forum: plastimatch@googlegroups.com. Email: gcsharp@partners.org.|Focuses on high-performance volumetric registration, segmentation, and image processing of volumetric medical images. Supports DICOM and DICOM-RT import/export.|Not explicitly stated for the software itself. Publications mention its use but not a software DOI.|Yes
DICOMpyler|2016 (latest release)|Application|Software Engeneering and Data Infrastructure|Multiple purpose|Not explicitly stated|Python (100.0%)|Not explicitly stated, but developers teamed up to form ONCurate.|www.dicompyler.com|Panchal A and Keyes R. "SU-GG-T-260: dicompyler: An Open Source Radiation Therapy Research Platform with a Plugin Architecture" (2010).|https://github.com/bastula/dicompyler|Google Groups discussion forum|Archived by owner on Feb 2, 2022, no longer supported. Built on pydicom, wxPython, Pillow, matplotlib. Cross-platform. Extensible plugin system.|10.1118/1.3468652 (for the publication).|Yes
DVH-analytics|2021 (latest release mentioned)|Application|Software Engeneering and Data Infrastructure|Multiple purpose|CC BY 4.0. View license file available.|Python (100.0%)|Not explicitly stated, but one selected study mentions National Cancer Institute. Developers teamed up to form ONCurate.|https://github.com/cutright/DVH-Analytics|Multiple publications listed, e.g., "DVH Analytics: A DVH database for clinicians and researchers" (2018).|https://github.com/cutright/DVH-Analytics|Issues page on GitHub.|Public archive, no longer supported as of Feb 2, 2022. Designed for building local database of radiation oncology treatment planning data. Imports from DICOM-RT. Still in beta.|10.1002/acm2.12401 (for the 2018 publication). Other publication DOIs also listed. Zenodo mentions general DOI versioning.|Yes
DVTk|2023|Application|Software Engeneering and Data Infrastructure|Multiple purpose|LGPL-2.1. Became open source in 2005.|C++ (42.2%), C# (41.7%), C (12.1%)|Philips Healthcare, Agfa, ICT Group.|www.dvtk.org|"Mastering DICOM with DVTk" (2007).|https://github.com/dvtk-org/DVTk|Not explicitly stated. Specific emails for DVTK Arena: szabo.tamas@dvtk.eu, balogh.annamaria@dvtk.eu, etc. ICT Group for consultancy.|"Not for clinical use," only for testing purposes. Supports DICOM, HL7, IHE. Provides applications like anonymizer, editor, network analyzer.|10.1007/s10278-007-9057-0 (for the 2007 publication). |Yes
PlatiPy|2024 (latest release)|Library/Toolkit|Imaging and Image Processing|Multiple purpose|Apache-2.0|Python (83.0%), JavaScript (9.0%), Jupyter Notebook (3.9%), HTML (3.2%)|Phillip Chlap (UNSW), Robert Finnegan (University of Sydney)|pyplati.github.io/platipy/|Publication linked via DOI.|https://github.com/pyplati/platipy|phillip.chlap@unsw.edu.au, robert.finnegan@sydney.edu.au|Aims to simplify use, visualization, processing, and analysis of medical images. Built on SimpleITK, VTK. Jupyter notebooks provided.|10.21105/joss.05374|No
Pydicer|2024|Library/Toolkit|Imaging and Image Processing|Multiple purpose|Apache-2.0|Python (99.8%)|Ingham Medical Physics team in South-Western Sydney. Supported by Australian Cancer Data Network and Australian Research Data Commons.|australiancancerdatanetwork.github.io/pydicer/|"PyDicer: An open-source python library for conversion and analysis of radiotherapy DICOM data" (2025).|https://github.com/AustralianCancerDataNetwork/pydicer|phillip.chlap@unsw.edu.au, d.almouiee@gmail.com|Eases conversion of Radiotherapy DICOM data to research-ready format (NIfTI). Provides analysis functionality. Uses SimpleITK and PlatiPy. Still a research tool, users should inspect outputs.|10.1016/j.softx.2024.102010 (for the publication).|No
pydicom|2024|Library/Toolkit|Software Engeneering and Data Infrastructure|Multiple purpose|MIT License|Python (99.9%)|Darcy Mason and contributors. Not explicitly stated for an institution, but hosted under pydicom organization.|pydicom.github.io/pydicom/dev|"SU-E-T-33: pydicom: an open source DICOM library" (2013).|https://github.com/pydicom/pydicom|Google Groups forum. Gitter community.|Reads, modifies, and writes DICOM data in a "pythonic" way. General-purpose framework, does not handle specifics of individual SOP classes. Other libraries build upon it (e.g., pynetdicom, deid).|10.5281/zenodo.8034250|Yes
MITK|2025|Application|Imaging and Image Processing|Multiple purpose|BSD-3-Clause|C++ (95.7%), CMake (3.3%), C (0.9%)|German Cancer Research Center (DKFZ)|www.mitk.org|"The medical imaging interaction toolkit" (2005). "Medical Imaging Interaction Toolkit (MITK): A software system for medical image processing and visualization" (2012).|https://github.com/MITK/MITK|mitk AT dkfz.de (for general inquiries, but mailing list preferred for use/dev questions). Mailing list: mitk-users.|Combines ITK and VTK with an application framework. Aims to reduce effort for interactive medical image analysis applications. Supports Windows, Linux, macOS.|10.1016/j.media.2005.04.005 (for the 2005 publication). Zenodo records for related projects exist, e.g., 10.5281/zenodo.16269478.|Yes
MIPAV|2024 (latest version)|Application|Imaging and Image Processing|Multiple purpose|Other/Proprietary License (NITRC). Free and open source (BIII). Not explicitly stated (official site).|Java|National Institutes of Health (NIH).|mipav.cit.nih.gov|214 PubMed Mentions. Publications listed include "Volumetric neuroimage analysis extensions for the MIPAV software package" (2007).|Not explicitly stated (no public repository link provided)|mipav-support@nih.gov (for bugs/features). ListServ. Old emails: mcmatt@exchange.nih.gov, bug@mipav.cit.nih.gov, wishlist@mipav.cit.nih.gov.|Enables quantitative analysis and visualization of medical images. Cross-platform (Java). Aims to develop computational methods for biomedical data.|Not explicitly stated for the software itself. RRID: SCR_007371. Publications have DOIs. Zenodo mentions general DOI versioning.|Yes
OnkoDICOM|2021 (first project release)|Application|Imaging and Image Processing|Multiple purpose|LGPL-2.1. Open source.|Python (uses pydicom, dicompyler-core, PySide6, PIL, matplotlib)|Not explicitly stated (created with Radiation Oncologists).|onkodicom.com.au|Not explicitly stated for the software itself, but mentions "Publications (22) Med-ImageTools" (likely a mistake in snippet for OnkoDICOM).|https://github.com/didymo/OnkoDICOM|Contact form on website.|Cross-platform. Provides DVH output, clinical data capture (radiomics), Pyradiomics output, anonymization, ROI manipulation. Inspired by dicompyler.|Not explicitly stated for the software itself. Publications mention its use but not a software DOI.|Yes
OsiriX|2004 (initial release)|Application|Imaging and Image Processing|Multiple purpose|GNU LGPL (original source code) / Proprietary (since 2010 for OsiriX MD). GPL-3.0 (for Osiri-LXIV fork).|Objective-C (primary), C++, C, Objective-C++|UCLA (original project), LaTour Hospital (Geneva, Switzerland), Pixmeo (company). Cambridge Enterprise (for OSAIRIS AI tool).|www.osirix-viewer.com|"OsiriX: An Open-Source Software for Navigating in Multidimensional DICOM Images" (2004). OSAIRIS AI cancer imaging tool mentioned.|https://github.com/pixmeo/osirix. Also miele-lxiv (fork).|Contact Pixmeo SARL via form/fax. Email: brc_imaging_ct@cornell.edu (for Horos/Osirix questions at Cornell).|Widely used DICOM viewer. Supports 2D, 3D, 4D, 5D viewing. Plugin architecture. Commercial version "OsiriX MD" is FDA/CE certified. Open-source version has limited functionality. OSAIRIS is a cloud-based AI tool for automatic segmentation of radiotherapy images.|Not explicitly stated for the open-source software itself. Publications have DOIs. Zenodo mentions general DOI versioning.|Yes
ROE|2023 (publication date)|Script/Plugin|Treatment Planning and dosimetry|Multiple purpose|GPL-copyrighted. Open-source.|MATLAB (primary), accessible in GNU Octave and Python|Memorial Sloan Kettering Cancer Center (MSKCC)|Not explicitly stated (available as a CERR module).|"ROE (Radiotherapy Outcomes Estimator): An open-source tool for optimizing radiotherapy prescriptions" (2023).|https://github.com/cerr/CERR.git (as a CERR module). Also related to cobeylab/Rt_estimation.|iyera@mskcc.org|Designed for patient-specific prescription determination using personalized dose-response curves. Visualizes TCP and NTCP. Provides a curated library of predictive models. Batch-mode tools for fractionation schemes.|https://doi.org/10.1016/j.cmpb.2023.107833|No
PARADIM|2019 (publication date)|Application|Treatment Planning and dosimetry||Not explicitly stated|PHITS-based|Memorial Sloan Kettering Cancer Center, University of Rhode Island, Japan Atomic Energy Agency, Hanyang University, University of Florida. Johns Hopkins University|Not explicitly stated (no public repository link provided)|"PARaDIM: A PHITS-Based Monte Carlo Tool for Internal Dosimetry with Tetrahedral Mesh Computational Phantoms" (2019).|Not explicitly stated (no public repository link provided)|Not explicitly stated for dosimetry software.|Uses PHITS for dose computation.|10.2967/jnumed.119.229013 (for the publication)|No
ApertureComplexity|2017-2018 (copyright/initial development)|Script/Plugin|Treatment Planning and dosimetry|Photons|GPL-3.0|Python (100.0%)|University of Michigan, Radiation Oncology|https://github.com/victorgabr/ApertureComplexity|"Predicting deliverability of volumetric-modulated arc therapy (VMAT) plans using aperture complexity analysis" (2016) (study used the original script).|https://github.com/victorgabr/ApertureComplexity|Victor Gabriel Leandro Alves (victorgabr on GitHub), Brian Mark Anderson (brianmanderson on GitHub).|Contains complete functionality of aperture complexity analysis. Extends methodology to any TPS exporting DICOM-RP. Requires pydicom, numpy, pandas, pytest.|Not explicitly stated for the software itself. Publication DOI is 10.1120/jacmp.v17i4.6241. Other related DOIs: 10.2478/raon-2021-0046. Zenodo mentions general DOI versioning.|No
BeamSchemeV1|2008 (initial version) / 2025 (latest release)|Application|Treatment Planning and dosimetry|Photons|Unspecified (available in licence.txt but inaccessible).|Pascal (91.1%), JavaScript (5.4%), CSS (3.5%)|Not explicitly stated (copyright by "AC Chamberlain"). Mentions "university course name Medical Physics".|beamschemev1.readthedocs.io/en/latest/|No specific publications listed for BeamSchemeV1 itself.|https://github.com/alanphys/BeamSchemeV1|No specific contact information provided.|Assists in extracting 1D profiles from 2D datasets. Calculates over 90 different parameters. Supports FFF beams. Not intended to replace commercial software. Not compatible with previous versions (from 1.00).|Not explicitly stated for the software itself. Zenodo mentions general DOI versioning for software.|No
CIL|2025 (latest release)|Application|Imaging and Image Processing|Multiple purpose|Apache-2.0|Python (97.7%), C++ (1.4%), C (0.3%), CMake (0.3%)|Collaborative Computational Project in Tomographic Imaging (CCPi) (implied)|tomographicimaging.github.io/CIL/|Multiple publications listed, e.g., "Core Imaging Library (CIL) Zenodo" (2023). "Core Imaging Library - Part I: a versatile Python framework for tomographic imaging" (2021).|https://github.com/TomographicImaging/CIL|Not explicitly stated|Provides modular optimisation framework for prototyping reconstruction methods. Tools for loading, preprocessing, visualising tomographic data. Supports Jupyter Notebooks via Docker.|10.5281/zenodo.4746198 (for the software archive)|Yes
ClinicalTemplateReader|2025 (copyright in footer of article) / 2022 (publication date of related paper)|Script/Plugin|Clinical workflow and applications|Photons|Unspecified (license file present but content not detailed)|C# (100.0%)|Washington University in St. Louis - Clinical Development (WUSTL-ClinicalDev)|https://github.com/WUSTL-ClinicalDev/ClinicalTemplateReader|"Clinical Template Reader" (software citation, 2020) and "Development and implementation of an open source template interpretation class library for automated treatment planning" (2022).|https://github.com/WUSTL-ClinicalDev/ClinicalTemplateReader|Not explicitly stated|Tool for automated planning in Eclipse. Supports different Eclipse versions. Leverages plan quality metrics. No releases or packages published on GitHub.|Not explicitly stated for the software itself. Publication DOI: 10.1016/j.prro.2021.11.004. Other related DOIs: 10.1002/acm2.13837. Zenodo mentions other template DOIs, e.g., 10.5281/zenodo.10933642.|No
conehead|Not specified (copyright 2017-2018 for related project)|Script/Plugin|Treatment Planning and dosimetry|Photons|MIT license|Jupyter Notebook (63.5%), Python (32.6%), Cython (3.9%)|Not explicitly stated|https://github.com/samuelpeet/conehead|Inspiration drawn from Cho et al (2012) and Yang et al (2002). Related academic papers on radiotherapy, CBCT, AI.|https://github.com/samuelpeet/conehead|Not explicitly stated (suggests GitHub issues for contact). Related Cone Health for clinical services.|Early experimental development, code expected to change dramatically. Uses Python/Cython.|Not explicitly stated for the software itself. Publication DOI for related work: 10.1186/s13014-021-01866-7. Zenodo records for CBCT datasets exist, e.g., 10.5281/zenodo.14918089.|No
cornerstone|2017 (copyright) / 2021 (latest release)|Application|Software Engeneering and Data Infrastructure|Photons|MIT license|JavaScript (75.0%), HTML (23.0%), TypeScript (1.6%)|Not explicitly stated, but started by Chris Hafey. Supported by Open Health Imaging Foundation.|https://cornerstonejs.org/|No specific publications listed for the library itself. Related academic papers on medical imaging, deep learning.|https://github.com/cornerstonejs/cornerstone|Chris Hafey (chafey@gmail.com). Google groups forum. OHIFViewer contact@ohif.org.|Deprecated, use Cornerstone3D instead. Not a complete application but a component. Agnostic to image container/transport. Depends on ImageLoaders. Open source to reduce cost barrier.|Not explicitly stated for the software itself. Zenodo mentions other Cornerstone3D DOIs, e.g., 10.5281/zenodo.14918089 (dataset).|Yes
deid|Not explicitly stated (copyright 2025 for GitHub)|Library/Toolkit|Software Engeneering and Data Infrastructure|Multiple purpose|MIT license|Python (99.9%), Dockerfile (0.1%)|Not explicitly stated (hosted under pydicom organization)|pydicom.github.io/deid/|No specific publications listed for the software itself.|https://github.com/pydicom/deid|Issues board on GitHub.|Aims to provide best effort anonymization for medical images. Mirrors CTP cleaning method. Developers seeking collaborators for OCR cleaning.|DOI badge links to zenodo.org/badge/latestdoi/94163984.|No
dicomParser|2023 (latest release)|Library/Toolkit|Software Engeneering and Data Infrastructure|Multiple purpose|MIT license|JavaScript (100.0%)|Chris Hafey (author). Hosted under cornerstonejs organization.|https://github.com/cornerstonejs/dicomParser|No specific publications listed for the library itself. Related academic papers on web access to DICOM repositories.|https://github.com/cornerstonejs/dicomParser|Chris Hafey (chafey@gmail.com). Google Groups forum.|Lightweight library for parsing DICOM P10 byte streams. Fast, easy to use, no external dependencies. Designed for web browsers, Node.js, Meteor. Used by cornerstone library.|Not explicitly stated for the software itself. Publications mention its use but not a software DOI.|Yes
DLTK|2017 (publication related to DLTK)|Library/Toolkit|Artificial Intelligence|Multiple purpose|Apache-2.0|Python (100.0%)|DLTK Team. Authors from Imperial College London.|dltk.github.io/|"DLTK: State of the Art Reference Implementations for Deep Learning on Medical Images" (2017).|https://github.com/DLTK/DLTK|np716@imperial.ac.uk (for Nick Pawlowski, author).|Aims to enable fast prototyping with low entry threshold and ensure reproducibility in image analysis applications. Provides a Model Zoo. Built on TensorFlow.|Not explicitly stated for the software itself. Publication DOI: arXiv:1711.06853. Zenodo records for related projects exist, e.g., 10.5281/zenodo.1495335.|Yes
ESAPIX|Not explicitly stated (no releases published)|Script/Plugin|Software Engeneering and Data Infrastructure|Photons|MIT license|C# (63.7%), CSS (26.9%), JavaScript (8.7%), HTML (0.7%)|Not explicitly stated (no affiliation with Varian Medical Systems). Publisher: Rex Cardan PhD.|https://github.com/rexcardan/ESAPIX|No publications listed in. Related academic papers on Eclipse Scripting API and automated planning.|https://github.com/rexcardan/ESAPIX|info@esapix.com.|Provides extra methods and bootstrapping frameworks for Varian Eclipse Scripting API. Implements multithreading, asynchronous calls, debugging plugins. Designed to be used and contributed to by the medical physics community.|Not explicitly stated for the software itself. Zenodo mentions general DOI versioning.|No
Evil-DICOM|2015 (copyright)|Library/Toolkit|Software Engeneering and Data Infrastructure|Multiple purpose|MIT Open Source license|C# (97.7%), CSS (1.7%), JavaScript (0.6%)|Not explicitly stated (developed by Rex Cardan).|http://rexcardan.github.io/Evil-DICOM/|Multiple publications listed where it has been used/featured.|https://github.com/rexcardan/Evil-DICOM|Not explicitly stated (GitHub issues/pull requests implied). SourceForge mentions maintainers.|Simple-to-use C# library for reading and manipulating DICOM files. Dot Net Standard Compliant. New documentation via GitHub Pages.|Not explicitly stated for the software itself. Publications mention its use but not a software DOI.|Yes
flashgamma|Not explicitly stated (publication 2020)|Library/Toolkit|Quality Assurance|Multiple purpose|MIT license|Python (100.0%)|Not explicitly stated|https://github.com/samuelpeet/flashgamma|"Exploring the gamma surface: A new method for visualising modulated radiotherapy quality assurance results" (2020).|https://github.com/samuelpeet/flashgamma|Not explicitly stated (Piwheels.org mentions contact for project).|Code written for personal educational purposes. Performed similarly to proprietary gamma analysis codes internally, but not guaranteed bug-free.|Not explicitly stated for the software itself. Publication DOI: 10.1016/j.ejmp.2020.09.021. Zenodo mentions general DOI versioning.|No
fo-dicom|2025|Library/Toolkit|Software Engeneering and Data Infrastructure|Multiple purpose|Microsoft Public License (MS-PL)|C# (100.0%)|Not explicitly stated (GitHub organization fo-dicom). Codecs developed by Efferent Health.|fo-dicom.github.io/stable/v5/index.html|No specific academic publications listed for the library itself.|https://github.com/fo-dicom/fo-dicom|Not explicitly stated (GitHub issues/pull requests/discussions implied). Google Groups forum.|Targets.NET Standard 2.0. High-performance, asynchronous API. Supports various image compressions. Anonymization, DICOM services.|Not explicitly stated for the software itself. Zenodo mentions general DOI versioning.|Yes
med-imagetools|2025 (latest published version)|Library/Toolkit|Imaging and Image Processing|Multiple purpose|MIT license|Python (83.8%), Jupyter Notebook (16.1%), Dockerfile (0.1%)|Not explicitly stated, but authors from Princess Margaret Cancer Centre, University Health Network, IIT Madras, University of Toronto.|bhklab.github.io/med-imagetools|"Med-ImageTools: An open-source Python package for robust data processing pipelines and curating medical imaging data" (2023/2025).|https://github.com/bhklab/med-imagetools|Sejin Kim, Michal Kazmierski, Kevin Qu, Jacob Peoples, Minoru Nakano, Vishwesh Ramanathan, Joseph Marsilla, Mattea Welch, Amber Simpson, Benjamin Haibe-Kains (benjamin.haibe.kains@utoronto.ca).|Aims to provide transparent and reproducible medical image processing pipelines in Python. Focuses on subject-based machine learning and processing DICOMs into deep learning-ready format.|Not explicitly stated for the software itself, but a DOI Status badge is present. Related publication DOI: 10.12688/f1000research.127142.3. Zenodo records for related projects exist, e.g., 10.5281/zenodo.16617216.|No
mri_distortion_toolkit|Feb 21, 2024 (latest release) |Library/Toolkit|Imaging and Image Processing|Multiple purpose|GPL-3.0|Python (89.5%), R (7.2%), Jupyter Notebook (2.8%) / HTML (94.3%) Python (3.0%) CSS (2.3%) Other
(0.4%)|The Image X Institute, University of Sydney|https://github.com/Image-X-Institute/mri_distortion_toolkit|Not explicitly stated|https://github.com/Image-X-Institute/mri_distortion_toolkit|Not explicitly stated|A toolkit to correct geometric distortion in MR images. Includes tools for converting DICOM to NIfTI, and generating distortion correction maps.|Not explicitly stated|No
mudicom|2024|Library/Toolkit|Imaging and Image Processing|Multiple purpose|MIT|Python (100.0%)|Not explicitly stated|Not explicitly stated|Not explicitly stated|https://github.com/neurosnap/mudicom|Not explicitly stated|A Python library for interacting with DICOM files. Provides a simpler, more intuitive interface than other libraries. Archived by the owner on Jul 31, 2023.|Not explicitly stated|No
ParticlePhaseSpace|2018 (first commit) - 2023 first release|Library/Toolkit|Treatment Planning and dosimetry|Multiple purpose|GPL-3.0|Python (99.1%) Other (0.9%)|University of Sydney, Royal Prince Alfred Hospital, Australian Cancer Research Foundation|Not explicitly stated|Not explicitly stated|https://github.com/bwheelz36/ParticlePhaseSpace|Not explicitly stated|A set of tools for processing and analysing particle phase space files. Designed for use with Monte Carlo simulations, particularly for proton therapy.|Not explicitly stated|No
pyESAPI|July 20 2024|Script/Plugin|Software Engeneering and Data Infrastructure|Photons|MIT|Python (100.0%)|Varian Medical Systems|https://pyesapi.readthedocs.io/en/latest/|Not explicitly stated|https://github.com/VarianAPIs/PyESAPI|Not explicitly stated|A Python wrapper for the Varian Eclipse Scripting API (ESAPI). Allows scripting of Eclipse functions using Python. Includes a command-line interface for common tasks.|Not explicitly stated|No
pymcc|May 14 2024|Library/Toolkit|Treatment Planning and dosimetry|Photons|MIT|Python (100.0%)|Not explicitly stated|Not explicitly stated|Not explicitly stated|https://github.com/tbezo/pymcc|Not explicitly stated|Module that reads PTW mephisto mcc files from watertank scans or array files. pymcc relies on Pandas and uses a Pandas DataFrame to store the measurement values within the class objects.|Not explicitly stated|No
pynetdicom|02 Aug 2024|Library/Toolkit|Software Engeneering and Data Infrastructure|Multiple purpose|MIT|Python (99.8%), Shell (0.2%)|Not explicitly stated (hosted under pydicom organization)|https://pydicom.github.io/pynetdicom/|Not explicitly stated|https://github.com/pydicom/pynetdicom|Not explicitly stated|A Python library for DICOM network communication. Implements the DICOM network protocol to allow sending and receiving DICOM files. Used in conjunction with pydicom.|Not explicitly stated|No
RTToolbox|May 23 2019|Library/Toolkit|Treatment Planning and dosimetry|Multiple purpose|BSD-3-Clause|C++ (91.8%), CMake (7.8), C(0.4%)|German Cancer Research Center (DKFZ)|https://www.dkfz-heidelberg.de/en/mic/research/SIDT/sidt_projects.html |Not explicitly stated|https://github.com/MIC-DKFZ/RTTB|rttb@dkfz.de|RTToolbox is a software library to support quantitative analysis of treatment outcome for radiotherapy.|Not explicitly stated|No
TOPASopt|Jan 2 2025|Script/Plugin|Treatment Planning and dosimetry|Multiple purpose|MIT|Python (91,3%), PLSQL (7.5%), Other (1.2%)|The Image X Institute, University of Sydney|Not explicitly stated|https://doi.org/10.1002/mp.16126|https://github.com/Image-X-Institute/TopasOpt|Not explicitly stated|A toolkit for performing optimization with the TOPAS Monte Carlo simulation package. Includes tools for running simulations and analyzing results.|Not explicitly stated|No
TrajectoryLog.NET|Not stated|Library/Toolkit|Treatment Planning and dosimetry|Photons|Not cleary specified|C# (100.0%)|Washington University in St. Louis - Clinical Development|Not explicitly stated|Not explicitly stated|https://github.com/WUSTL-ClinicalDev/TrajectoryLog.NET|matthew.schmidt@wustl.edu.|A C# library for reading and parsing Varian Eclipse trajectory log files. Provides a clear and simple API for accessing log data.|Not explicitly stated|No
Bistromath|May 29 2024|Application|Treatment Planning and dosimetry|Photons|Freeware|Not explitely stated|Not explicitly stated|https://bistromath.kegge13.nl/|Not explicitly stated|Not explicitly stated|bistromath@kegge13.nl|BistroMath is designed as add-on to the measuring software of water phantom systems used in radiotherapy.|No|Yes
ctqa|Mar 16 2020|Library/Toolkit|Quality Assurance|Multiple purpose|MIT|Python (99.9%), Batchfile (0.1%)|Not explicitly stated (Brikwerk)|Not explicitly stated|Not explicitly stated|https://github.com/Brikwerk/ctqa|mail@reecewal.sh|A Python-based toolkit for CT Quality Assurance (QA). Provides tools for performing common QA tests and generating reports.|Not explicitly stated|Yes
DicomCleaner|Not specified|Application|Software Engeneering and Data Infrastructure|Multiple purpose|Open source, not specified|Java|David A. Clunie|http://www.dclunie.com/pixelmed/software/webstart/DicomCleanerUsage.html|Not explicitly stated|No|dclunie@dclunie.com|A Java application for cleaning and anonymizing DICOM files. Provided as a webstart application.|Not explicitly stated|Yes
DicomClient|May 18 2023|Application|Software Engeneering and Data Infrastructure|Multiple purpose|Apache-2.0|Java (98.4%), HTML (1.4%), Other (0.2%)|umich.edu|Not explicitly stated|Not explicitly stated|https://github.com/irrer/DICOMClient|irrer@umich.edu|A DICOM client application for sending and receiving DICOM files over a network. Designed for simple and easy DICOM communication.|Not explicitly stated|Yes
dicomutils|not stated|Application|Software Engeneering and Data Infrastructure|Multiple purpose|Not stated|Python (98.8%), Other (1.2%)|RaySearch Laboratories|https://github.com/raysearchlabs/dicomutils|Not explicitly stated|https://github.com/raysearchlabs/dicomutils|Not explicitly stated|A Python library providing various utilities for working with DICOM files. Aims to simplify common DICOM tasks.|Not explicitly stated|No
EasyPACS|not specified|Library/Toolkit|Software Engeneering and Data Infrastructure|Multiple purpose|Not specified|JavaScript (46.6%), CSS (28.7%), Java (17.4%), HTML (7,3%)|Not explicitly stated|http://mehmetsen80.github.io/EasyPACS/|Not explicitly stated|https://github.com/mehmetsen80/EasyPACS|Not explicitly stated|EasyPACS is the simpliest PACS server for your dicom files. It uses DCM4CHEE listener and converts dicom files into jpegs. It is the easiest way to store dicom files.|Not explicitly stated|No
Fabolous-v16|Jun 9 2025|Application|Software Engeneering and Data Infrastructure|Photons|Not explicitly stated|C# (100.0%)|Not explicitly stated|Not explicitly stated|Not explicitly stated|https://github.com/nsmela/Fabolus/tree/master|Not explicitly stated|Fabolus is a Windows-based app designed to assist radiation therapy prepare bolus meshes for 3D printing|Not explicitly stated|No
LinacQA|Aug 2025 last update on GitHub|Application|Quality Assurance|Photons|LinaQA copyright 2024-2025 AC Chamberlain. All rights reserved.|Python (100.0%)|Not explicitly stated (copyright by A C Chamberlain)|https://github.com/alanphys/LinaQA|Not explicitly stated|https://github.com/alanphys/LinaQA|Not explicitly stated|LinaQA (pronounced Linakwa) is a GUI frontend for pylinac and pydicom.|Not explicitly stated|No
MAAS-PlanScoreCard|Jun 19 2025|Script/Plugin|Treatment Planning and dosimetry|Photons|VARIAN LIMITED USE SOFTWARE LICENSE AGREEMENT|C# (100.0%)|Varian Medical Affairs Applied Solutions (MAAS)|https://github.com/Varian-MedicalAffairsAppliedSolutions/MAAS-PlanScoreCard|Not explicitly stated|https://github.com/Varian-MedicalAffairsAppliedSolutions/MAAS-PlanScoreCard|Not explicitly stated|A Varian Eclipse scripting plugin to generate a 'scorecard' for treatment plan quality. Assesses plan quality based on pre-defined metrics.|Not explicitly stated|No
MUSIMAN|Jun 22 2017|Script/Plugin|Treatment Planning and dosimetry|Multiple purpose|Not explicitly stated|Matlab (100%)|Not explicitly stated|Not explicitly stated|A. Badal and J. Sempau. A package of Linux scripts for the parallelization of Monte Carlo simulations. Comput. Phys. Commun., 175(6):440–450, 2006.|https://github.com/marcelinohermida/MUSIMAN|Not explicitly stated|In summary, the MUSIMAN package is a software tool to ease the parallelization of simulations run with the Monte Carlo code PENELOPE 2014|Not explicitly stated|No
OMG Dosimetry|Dec 27 2023|Library/Toolkit|Quality Assurance|Multiple purpose|MIT|Python (99.8%), Batchfile (0.2%)|Not explicitly stated|https://omg-dosimetry.readthedocs.io/en/latest/|Not explicitly stated|https://github.com/jfcabana/omg_dosimetry|Not explicitly stated|A Python package for performing dosimetry calculations and quality assurance tests. Provides a simple API for common dosimetry tasks.|Not explicitly stated|Yes
PDFtoAria|Last update 3 years ago|Script/Plugin|Software Engeneering and Data Infrastructure|Photons|MIT|C# (100.0 %)|Not explicitly stated (LDClark)|Not explicitly stated|Not explicitly stated|https://github.com/LDClark/PDFtoAria|Not explicitly stated|A C# script for converting PDF documents into a format that can be imported into Varian ARIA. Automates the process of adding documents to ARIA.|Not explicitly stated|No
PlanCheck|Oct 15 2020|Script/Plugin|Quality Assurance|Photons|MIT|C# (100.0 %)|Not explicitly stated (LDClark)|Not explicitly stated|Not explicitly stated|https://github.com/LDClark/PlanCheck|Not explicitly stated|A Varian Eclipse scripting plugin for treatment plan verification. Automates the process of checking a plan against a set of rules.|Not explicitly stated|No
PyBeam-QA|Last tag Jun 9 2024|Application|Quality Assurance|Photons|GPL-3.0|Python (99.9%), Other (0.1%)|Not explicitly stated (Quantico-Bullet)|Not explicitly stated|Not explicitly stated|https://github.com/Quantico-Bullet/PyBeam-QA|Not explicitly stated|A Python library for performing beam quality assurance tests in radiotherapy. The software is in an early stage of development.|Not explicitly stated|Yes
pyQAserver|Nov 3 2020|Application|Quality Assurance|Photons|MIT|Python (56.3%), Smarty (36%), JavaScript (7.6%), Other (0.1%)|Not explicitly stated|https://pyqaserver.readthedocs.io/en/latest/|Not explicitly stated|https://github.com/brjdenis/pyqaserver|Not explicitly stated|A Python-based server for performing Quality Assurance tests. Provides a web interface for managing and running tests.|Not explicitly stated|No
QALMA|Last commit 4 years ago|Application|Quality Assurance|Photons|GPL-3.0|Matlab (100%)|Not explicitly stated (mrmushfiq)|https://github.com/mrmushfiq/qalma|https://doi.org/10.1016/j.softx.2018.03.003|https://github.com/mrmushfiq/qalma|Not explicitly stated|A Matlab based toolkit with GUI for quantitative analysis of Quality Assurance tests for Medical Linear Accelerators in Radiation Therapy.|Not explicitly stated|No
QATrack+|Aug 2025|Application|Quality Assurance|Photons|MIT|JavaScript (42.1%), Python (40.7%), HTML (10.1%), CSS (6.9%), Shell (0.1%), SCSS (0.1%)|Not explicitly stated|https://qatrackplus.com/|Not explicitly stated|https://github.com/qatrackplus/qatrackplus|randy@randlet.com|QATrack+ is a fully configurable, free, and open source (MIT License) web application for managing QA data for radiation therapy and medical imaging equipment|Not explicitly stated|Yes
Sentinel|Mar 21 2025|Application|Quality Assurance|Photons|Apache-2.0|HTML (100.0%)|IsoAnalytica, LLC|Not explicitly stated|Not explicitly stated|https://github.com/IsoAnalytica/Sentinel-Public|info@efilmqa.com|Sentinel is an automated log-file analysis application for Varian linacs (TrueBeam, Halcyon, Edge).|Not explicitly stated|Yes
SIRF|Jul 25 2024|Application|Imaging and Image Processing|Multiple purpose|Apache-2.0|C++ (59.5%), Python (19.3%), Matlab (14.4%), CMake (4.4%), C (1.5%), Shell (0.9%)|SyneRBI, University College London|https://www.ccpsynerbi.ac.uk/|Not explicitly stated|https://github.com/SyneRBI/SIRF|tomography@stfc.ac.uk|This software is the main output of SyneRBI, the Collaborative Computational Platform for Synergistic Reconstruction for Biomedical Imaging (formerly CCP PETMR).|Not explicitly stated|Yes
STIR|Jun 23 2024|Application|Imaging and Image Processing|Multiple purpose|Apache-2.0|C++ (63.5%), Verilog (30.1%), C(2.0%), Shell (1.5%), CMake (0.9%), Python (0.9%), Other (1.1%)|Not explicitly stated (hosted under UCL organization)|http://stir.sourceforge.net/|Not explicitly stated|https://github.com/UCL/STIR|stir@asc.uk.com|A software package for tomographic image reconstruction. Primarily used for PET and SPECT. Has been in development since 1994.|Not explicitly stated|Yes
VarianESAPI-EQD2Converter|Jan 1 2022|Script/Plugin|Treatment Planning and dosimetry|Photons|MIT|C# (100%)|Not explicitly stated (brjdenis)|Not explicitly stated|Not explicitly stated|https://github.com/brjdenis/VarianESAPI-EQD2Converter|Not explicitly stated|A Varian Eclipse scripting plugin for converting dose to EQD2 (equivalent dose in 2 Gy fractions). Automates the calculation of EQD2 for plans.|Not explicitly stated|No
VarianESAPI-FieldEditor|Jan 28 2022|Script/Plugin|Treatment Planning and dosimetry|Photons|MIT|C# (100%)|Not explicitly stated (brjdenis)|Not explicitly stated|Not explicitly stated|https://github.com/brjdenis/VarianESAPI-FieldEditor|Not explicitly stated|A Varian Eclipse scripting plugin for editing treatment fields. Provides a graphical interface for modifying field shapes and parameters.|Not explicitly stated|No
VarianESAPI-HalcyonGantryAngle|Nov 12 2021|Script/Plugin|Treatment Planning and dosimetry|Photons|MIT|C# (100%)|Not explicitly stated (brjdenis)|Not explicitly stated|Not explicitly stated|https://github.com/brjdenis/VarianESAPI-HalcyonGantryAngle|Not explicitly stated|A Varian Eclipse scripting plugin for Halcyon gantry angle calculation. Automates the calculation of gantry angles for Halcyon plans.|Not explicitly stated|No
dicom4che|Jun 24 2025|Library/Toolkit|Software Engeneering and Data Infrastructure|Multiple purpose|Mozilla Public License 2.0|Java (74.7%), Smarty (16.9%), XSLT (4.6%), Shell (2.1%), Batchfile (1.7%), sed (0.0%)|Not explicitly stated|https://www.dcm4che.org/|Not explicitly stated|https://github.com/dcm4che|Not explicitly stated|dcm4che is a Java-based library and set of tools for working with DICOM files. It provides functionalities for reading, writing, and manipulating DICOM data, making it a valuable resource for developers and researchers working with medical imaging.|Not explicitly stated|Yes
PlanUNC|2016 (latest release)|Application|Software Engeneering and Data Infrastructure|Photons|Not explicitly stated|Not explicitly stated|Not explicitly stated|Not explicitly stated|Not explicitly stated|Not explicitly stated|Not explicitly stated|A program for performing dosimetry calculations in radiotherapy. The program is proprietary and not open source.|Not explicitly stated|No
UCoMX|Jun 16 2025|Application|Treatment Planning and dosimetry|Photons|Not explicitly stated|Matlab (100%)|Veneto Institute of Oncology IOV-IRCCS|https://zenodo.org/records/15673571|https://doi.org/10.1002/mp.17365|https://zenodo.org/records/15673571|ucomx@iov.veneto.it|UCoMX (Universal Complexity Metrics Extractor) is a novel software package designed to extract complexity metrics from DICOM-RT plan files of radiotherapy treatment plans. The tool is platform-agnostic, engineered to seamlessly operate with DICOM-RT plan files created using diverse commercially available TPSs across various treatment units.|10.5281/zenodo.8276837|Yes
MatRad|2015|Application|Treatment Planning and dosimetry|Multiple purpose|GPL v3|Matlab|Division of Medical Physics in Radiation Oncology at the German Cancer Research Center DKFZ|http://www.matrad.org|https://doi.org/10.1002/mp.12251|https://github.com/e0404/matRad|contact@matrad.org|||
MIROpt|2016|Script/Plugin|Treatment Planning and dosimetry|Protons/Ions|Apache 2.0|Matlab|MIRO (UCLouvain), IBA|none|none|https://openreggui.org/git/open/REGGUI|ana.barragan@uclouvain.be|plug-in at openREGGUI||
OpenTPS|2021|Application|Treatment Planning and dosimetry|Multiple purpose|Apache 2.0|Python|MIRO and Pilab labs (UCLouvain), IBA|https://opentps.org|https://arxiv.org/abs/2303.00365|https://gitlab.com/openmcsquare/opentps|info@opentps.org|||
OpenREGGUI|2011|Application|Treatment Planning and dosimetry|Protons/Ions|Apache 2.0|Matlab|UCLouvain, IBA|https://openreggui.org/|none|https://openreggui.org/git/open/REGGUI|open.reggui@gmail.com|||
FoCa|2014|Application|Treatment Planning and dosimetry|Protons/Ions|?|Matlab|University of Pennsylvania, Department of Radiation Oncology|http://nuclear.fis.ucm.es/foca/#:~:text=FoCa%20is%20an%20in%2Dhouse,suite%20for%20inverse%20treatment%20planning.|https://doi.org/10.1088/0031-9155/59/23/7341|none|dsparcerisa@ucm.es|||
pyanno4RT|2023|Library/Toolkit|Treatment Planning and dosimetry|Multiple purpose|GPL-3.0|Python|Karlsruhe Institute of Technology|https://pyanno4rt.readthedocs.io/|https://www.ncbi.nlm.nih.gov/pmc/articles/PMC10698634/|https://github.com/pyanno4rt|tim.ortkamp@kit.edu|||
PortPy|2023|Library/Toolkit|Treatment Planning and dosimetry|Photons|Apache 2.0|Python, Jupyter notebooks|Memorial Sloan Kettering Cancer Center|none|https://aapm.confex.com/aapm/2023am/meetingapp.cgi/Paper/4208|https://github.com/PortPy-Project|zarepism@mskcc.org|||
PyRadiomics|2017|Library/Toolkit|Imaging and Image Processing|Multiple purpose|BSD-3-Clause|Python, Jupyter notebooks|Department of Radiation Oncology, Dana-Farber Cancer Institute, Brigham and Women's Hospital, Harvard Medical School, Boston, Massachusetts|https://www.radiomics.io/pyradiomics.html|https://doi.org/10.1158/0008-5472.CAN-17-0339|https://github.com/AIM-Harvard/pyradiomics|pyradiomics@googlegroups.com|||
Pylinac|2014|Library/Toolkit|Imaging and Image Processing|Photons|MIT|Python|RadFormation|https://pylinac.readthedocs.io|https://doi.org/10.21105/joss.06001|https://github.com/jrkerns/pylinac|jkerns@radformation.com|||
PyMedPhys|2018|Library/Toolkit|Quality Assurance|Multiple purpose|Apache 2.0|Python|Contributors from several institutions (University New South Wales, ELEKTA, RadFormation, Royal Delaide Hospital, Antropic PBC)|https://pymedphys.com/|https://doi.org/10.21105/joss.04555|https://github.com/pymedphys/pymedphys|support@pymedphys.com|||
SlicerRT|2012|Script/Plugin|Imaging and Image Processing|Multiple purpose|BSD-style|C++|The SlicerRT Community and the Percutaneous Surgery Laboratory, Queen's University|https://slicerrt.github.io/|https://doi.org/10.1118/1.4754659|https://github.com/SlicerRt/SlicerRT|csaba.pinter@ebatinca.com|||
CERR|2003|Application|Treatment Planning and dosimetry|Photons|LGPL-2.1|Matlab|Memorial Sloan Kettering Cancer Center|https://cerr.github.io/CERR/|https://doi.org/10.1118/1.1568978|https://github.com/cerr|deasyj@mskcc.org|||
pyCERR|2023|Application|Treatment Planning and dosimetry|Photons|GPL-3.0|Python|Memorial Sloan Kettering Cancer Center|https://cerr.github.io/CERR/|ICCR 2024 proceedings|https://github.com/cerr/pyCERR||||
MCsquare|2016|Application|Treatment Planning and dosimetry|Protons/Ions|Apache 2.0|C|MIRO (UCLouvain), IBA|http://www.openmcsquare.org/|https://doi.org/10.1118/1.4943377|https://gitlab.com/openmcsquare/MCsquare|kevin.souris@gmail.com|||
TOPAS|2012|Application|Treatment Planning and dosimetry|Multiple purpose|own (https://www.topasmc.org/license)|C++|TOPAS MC Inc (non-profit)
originally: SLAC National Accelerator Laboratory, Massachusetts General Hospital and the University of California at San Francisco.|https://www.topasmc.org/home|https://doi.org/10.1118/1.4758060|https://github.com/OpenTOPAS/OpenTOPAS|perl@topasmc.org|based on Geant4,
access to resources and forum through a registration form https://www.topasmc.org/registration||
GATE|2014|Application|Treatment Planning and dosimetry|Multiple purpose|LGPL-3.0 license|C++| OpenGATE collaboration - 25 institutions - Creatis (Lyon) and LPC (Laboratoire de Physique de Clairmont) University Clermont Auvergne|http://www.opengatecollaboration.org/|https://doi.org/10.1088/0031-9155/49/19/007|https://github.com/OpenGATE/Gate|Lydia.MAIGNE@uca.fr, David.Sarrut@creatis.insa-lyon.fr|||
OpenGATE|2024|Application|Treatment Planning and dosimetry|Multiple purpose|LGPL-3.0 license|Python| OpenGATE collaboration - 25 institutions - Creatis (Lyon) and LPC (Laboratoire de Physique de Clairmont) University Clermont Auvergne|http://www.opengatecollaboration.org/|ICCR 2024 proceedings|https://github.com/OpenGATE/opengate||||
PENELOPE|1996|Application|Treatment Planning and dosimetry|Photons|?|FORTRAN|Universitat de Barcelona|none|https://www.osti.gov/etdeweb/biblio/378659|||||
GEANT4|2025|Application|Treatment Planning and dosimetry|Multiple purpose||C++|CERN|https://geant4.org/|https://doi.org/10.1016/S0168-9002(03)01368-8|https://github.com/Geant4||||yes
FLUKA|2025|Application|Treatment Planning and dosimetry|Multiple purpose||FORTRAN|CERN|http://www.fluka.org/
https://fluka.cern/|https://www.slac.stanford.edu/pubs/slacreports/reports16/slac-r-773.pdf|none||||yes
3DSlicer|2025|Application|Imaging and Image Processing|Multiple purpose||C++||https://coin-or.github.io/Ipopt/||https://github.com/Slicer||||yes
IPOPT|2002|Library/Toolkit|Software Engeneering and Data Infrastructure|||C++||https://coin-or.github.io/Ipopt/|https://doi.org/10.1007/s10107-004-0559-y|https://github.com/coin-or/Ipopt|info@coin-or.org|||no
MONAI|2025|Library/Toolkit|Artificial Intelligence|Multiple purpose|Apache-2.0 license|Python||https://docs.monai.io/en/stable/||https://github.com/Project-MONAI/MONAI?tab=readme-ov-file||||yes
RTEMIS|2025|Application|Artificial Intelligence|Protons/Ions||||https://rtemis.org||||||yes
AMIGOpy|2025|Application|Treatment Planning and dosimetry|Brachytherapy||Python|Maastro, University of Maastricht|https://www.amigo-medphys.com/||https://github.com/PhysicsResearch/AMIGOpy|gabriel.paivafonseca@maastro.nl|Welcome to AMIGOpy (A Medical Image-based Graphical platfOrm - Python)! This is an evolution of the previously developed MATLAB-based software AMIGOBrachy. While AMIGOBrachy was a user interface tailored specifically for absorbed dose calculations in brachytherapy coupled with MCNP6 MC code, AMIGOpy extends this functionality and brings a plethora of new features, with a Python backbone and VTK for image rendering.||No
